Time,Open,High,Low,Close
2022-04-29 22:47:00,14.08,14.099,14.068,14.08175
2022-04-29 22:48:00,14.0809,14.097,14.07,14.08525
2022-04-29 22:49:00,14.0831,14.095,14.067,14.0835
2022-04-29 22:50:00,14.0833,14.091,14.074,14.08225
2022-04-29 22:51:00,14.0828,14.092,14.074,14.079749999999999
2022-04-29 22:52:00,14.0813,14.1,14.063,14.083250000000001
2022-04-29 22:53:00,14.0823,14.117,14.0823,14.097250000000003
2022-04-29 22:54:00,14.0898,14.109,14.088,14.099
2022-04-29 22:55:00,14.0944,14.111,14.079,14.101500000000001
2022-04-29 22:56:00,14.098,14.11,14.097,14.10575
2022-04-29 22:57:00,14.1019,14.112,14.089,14.1035
2022-04-29 22:58:00,14.1027,14.114,14.099,14.10625
2022-04-29 22:59:00,14.1045,14.112,14.094,14.1045
2022-04-29 23:00:00,14.1045,14.109,14.077,14.09125
2022-04-29 23:01:00,14.0979,14.0979,14.074,14.0855
2022-04-29 23:02:00,14.0917,14.112,14.0917,14.1
2022-04-29 23:03:00,14.0958,14.115,14.088,14.1045
2022-04-29 23:04:00,14.1002,14.122,14.1002,14.11625
2022-04-29 23:05:00,14.1082,14.121,14.108,14.114
2022-04-29 23:06:00,14.1111,14.159,14.109,14.13325
2022-04-29 23:07:00,14.1222,14.174,14.1222,14.159999999999998
2022-04-29 23:08:00,14.1411,14.171,14.1411,14.160499999999999
2022-04-29 23:09:00,14.1508,14.168,14.1508,14.161999999999999
2022-04-29 23:10:00,14.1564,14.165,14.146,14.158
2022-04-29 23:11:00,14.1572,14.163,14.144,14.152999999999999
2022-04-29 23:12:00,14.1551,14.1551,14.122,14.1405
2022-04-29 23:13:00,14.1478,14.151,14.134,14.143999999999998
2022-04-29 23:14:00,14.1459,14.165,14.143,14.15525
2022-04-29 23:15:00,14.1506,14.174,14.1506,14.1665
2022-04-29 23:16:00,14.1586,14.176,14.145,14.161000000000001
2022-04-29 23:17:00,14.1598,14.1598,14.119,14.135749999999998
2022-04-29 23:18:00,14.1478,14.1478,14.119,14.126249999999999
2022-04-29 23:19:00,14.137,14.137,14.115,14.1235
2022-04-29 23:20:00,14.1302,14.1302,14.097,14.113000000000001
2022-04-29 23:21:00,14.1216,14.1216,14.05,14.078
2022-04-29 23:22:00,14.0998,14.0998,14.053,14.073
2022-04-29 23:23:00,14.0864,14.117,14.085,14.100000000000001
2022-04-29 23:24:00,14.0932,14.119,14.0932,14.108
2022-04-29 23:25:00,14.1006,14.114,14.095,14.10625
2022-04-29 23:26:00,14.1034,14.113,14.084,14.099499999999999
2022-04-29 23:27:00,14.1014,14.115,14.073,14.0935
2022-04-29 23:28:00,14.0974,14.101,14.079,14.09075
2022-04-29 23:29:00,14.0941,14.0941,14.06,14.072750000000001
2022-04-29 23:30:00,14.0834,14.0834,14.055,14.06875
2022-04-29 23:31:00,14.0761,14.099,14.066,14.085
2022-04-29 23:32:00,14.0806,14.119,14.0806,14.10875
2022-04-29 23:33:00,14.0947,14.141,14.0947,14.1255
2022-04-29 23:34:00,14.1101,14.154,14.1101,14.134250000000002
2022-04-29 23:35:00,14.1222,14.132,14.116,14.125499999999999
2022-04-29 23:36:00,14.1238,14.134,14.112,14.120750000000001
2022-04-29 23:37:00,14.1223,14.1223,14.094,14.106250000000001
2022-04-29 23:38:00,14.1143,14.15,14.105,14.1245
2022-04-29 23:39:00,14.1194,14.149,14.103,14.1315
2022-04-29 23:40:00,14.1254,14.139,14.119,14.131
2022-04-29 23:41:00,14.1282,14.173,14.124,14.14625
2022-04-29 23:42:00,14.1372,14.18,14.1372,14.16875
2022-04-29 23:43:00,14.153,14.212,14.153,14.190249999999999
2022-04-29 23:44:00,14.1716,14.2,14.1716,14.1905
2022-04-29 23:45:00,14.181,14.198,14.17,14.186
2022-04-29 23:46:00,14.1835,14.19,14.156,14.173
2022-04-29 23:47:00,14.1782,14.1782,14.112,14.13475
2022-04-29 23:48:00,14.1565,14.1565,14.09,14.1115
2022-04-29 23:49:00,14.134,14.134,14.094,14.112250000000001
2022-04-29 23:50:00,14.1231,14.1231,14.08,14.10075
2022-04-29 23:51:00,14.1119,14.1119,14.081,14.097999999999999
2022-04-29 23:52:00,14.105,14.125,14.104,14.11125
2022-04-29 23:53:00,14.1081,14.127,14.101,14.1165
2022-04-29 23:54:00,14.1123,14.131,14.1123,14.12575
2022-04-29 23:55:00,14.119,14.144,14.119,14.131499999999999
2022-04-29 23:56:00,14.1252,14.138,14.125,14.133249999999999
2022-04-29 23:57:00,14.1292,14.144,14.126,14.134749999999999
2022-04-29 23:58:00,14.132,14.139,14.121,14.128250000000001
2022-04-29 23:59:00,14.1301,14.153,14.119,14.13675
2022-04-30 00:00:00,14.1334,14.187,14.1334,14.158249999999999
2022-04-30 00:01:00,14.1458,14.156,14.129,14.144749999999998
2022-04-30 00:02:00,14.1453,14.168,14.115,14.1395
2022-04-30 00:03:00,14.1424,14.1424,14.088,14.114
2022-04-30 00:04:00,14.1282,14.176,14.109,14.1395
2022-04-30 00:05:00,14.1338,14.186,14.1338,14.169
2022-04-30 00:06:00,14.1514,14.166,14.139,14.157499999999999
2022-04-30 00:07:00,14.1544,14.177,14.149,14.15925
2022-04-30 00:08:00,14.1568,14.159,14.136,14.14925
2022-04-30 00:09:00,14.153,14.176,14.15,14.1605
2022-04-30 00:10:00,14.1568,14.189,14.1568,14.172
2022-04-30 00:11:00,14.1644,14.174,14.118,14.149000000000001
2022-04-30 00:12:00,14.1567,14.1567,14.123,14.130999999999998
2022-04-30 00:13:00,14.1438,14.1438,14.079,14.1005
2022-04-30 00:14:00,14.1222,14.1222,14.07,14.07875
2022-04-30 00:15:00,14.1005,14.1005,14.061,14.082
2022-04-30 00:16:00,14.0912,14.129,14.085,14.108749999999999
2022-04-30 00:17:00,14.1,14.163,14.1,14.1445
2022-04-30 00:18:00,14.1222,14.196,14.1222,14.17775
2022-04-30 00:19:00,14.15,14.204,14.15,14.192
2022-04-30 00:20:00,14.171,14.249,14.171,14.215750000000002
2022-04-30 00:21:00,14.1934,14.265,14.1934,14.237
2022-04-30 00:22:00,14.2152,14.245,14.2152,14.2325
2022-04-30 00:23:00,14.2238,14.247,14.219,14.2305
2022-04-30 00:24:00,14.2272,14.232,14.21,14.22325
2022-04-30 00:25:00,14.2252,14.237,14.206,14.225
2022-04-30 00:26:00,14.2251,14.256,14.221,14.2395
2022-04-30 00:27:00,14.2323,14.276,14.2323,14.260749999999998
2022-04-30 00:28:00,14.2465,14.283,14.24,14.258750000000001
2022-04-30 00:29:00,14.2526,14.2526,14.219,14.23325
2022-04-30 00:30:00,14.2429,14.244,14.224,14.2315
2022-04-30 00:31:00,14.2372,14.2372,14.211,14.22175
2022-04-30 00:32:00,14.2295,14.2295,14.164,14.19725
2022-04-30 00:33:00,14.2134,14.214,14.187,14.19975
2022-04-30 00:34:00,14.2066,14.214,14.206,14.210249999999998
2022-04-30 00:35:00,14.2084,14.213,14.195,14.203750000000001
2022-04-30 00:36:00,14.2061,14.2061,14.173,14.1885
2022-04-30 00:37:00,14.1973,14.1973,14.148,14.167
2022-04-30 00:38:00,14.1822,14.1822,14.116,14.142999999999999
2022-04-30 00:39:00,14.1626,14.1626,14.124,14.142
2022-04-30 00:40:00,14.1523,14.167,14.128,14.15075
2022-04-30 00:41:00,14.1515,14.169,14.1515,14.16225
2022-04-30 00:42:00,14.1569,14.163,14.137,14.151499999999999
2022-04-30 00:43:00,14.1542,14.191,14.147,14.169
2022-04-30 00:44:00,14.1616,14.212,14.1616,14.199750000000002
2022-04-30 00:45:00,14.1807,14.218,14.1807,14.20775
2022-04-30 00:46:00,14.1942,14.203,14.184,14.1935
2022-04-30 00:47:00,14.1938,14.22,14.171,14.19875
2022-04-30 00:48:00,14.1963,14.221,14.1963,14.214749999999999
2022-04-30 00:49:00,14.2055,14.245,14.194,14.224499999999999
2022-04-30 00:50:00,14.215,14.247,14.215,14.241999999999999
2022-04-30 00:51:00,14.2285,14.373,14.2285,14.30775
2022-04-30 00:52:00,14.2681,14.43,14.2681,14.39425
2022-04-30 00:53:00,14.3312,14.457,14.3312,14.394250000000001
2022-04-30 00:54:00,14.3627,14.37,14.281,14.328999999999999
2022-04-30 00:55:00,14.3458,14.3458,14.286,14.305250000000001
2022-04-30 00:56:00,14.3255,14.3255,14.284,14.294
2022-04-30 00:57:00,14.3098,14.3098,14.281,14.289000000000001
2022-04-30 00:58:00,14.2994,14.321,14.28,14.2965
2022-04-30 00:59:00,14.298,14.328,14.298,14.313500000000001
2022-04-30 01:00:00,14.3058,14.333,14.29,14.3095
2022-04-30 01:01:00,14.3076,14.367,14.287,14.327000000000002
2022-04-30 01:02:00,14.3173,14.383,14.3173,14.353749999999998
2022-04-30 01:03:00,14.3355,14.349,14.321,14.338000000000001
2022-04-30 01:04:00,14.3368,14.348,14.33,14.34025
2022-04-30 01:05:00,14.3385,14.348,14.325,14.337250000000001
2022-04-30 01:06:00,14.3379,14.341,14.312,14.32925
2022-04-30 01:07:00,14.3336,14.3336,14.291,14.30925
2022-04-30 01:08:00,14.3214,14.3214,14.279,14.291999999999998
2022-04-30 01:09:00,14.3067,14.311,14.279,14.28975
2022-04-30 01:10:00,14.2982,14.34,14.287,14.314
2022-04-30 01:11:00,14.3061,14.348,14.3061,14.338750000000001
2022-04-30 01:12:00,14.3224,14.372,14.314,14.342
2022-04-30 01:13:00,14.3322,14.338,14.297,14.321250000000001
2022-04-30 01:14:00,14.3267,14.3267,14.292,14.3035
2022-04-30 01:15:00,14.3151,14.3151,14.26,14.28025
2022-04-30 01:16:00,14.2977,14.3,14.254,14.280249999999999
2022-04-30 01:17:00,14.289,14.32,14.289,14.3075
2022-04-30 01:18:00,14.2982,14.34,14.2982,14.326250000000002
2022-04-30 01:19:00,14.3122,14.336,14.311,14.32375
2022-04-30 01:20:00,14.318,14.341,14.31,14.326
2022-04-30 01:21:00,14.322,14.341,14.321,14.334249999999999
2022-04-30 01:22:00,14.3281,14.411,14.3281,14.37125
2022-04-30 01:23:00,14.3497,14.546,14.3497,14.47075
2022-04-30 01:24:00,14.4102,14.652,14.4102,14.559750000000001
2022-04-30 01:25:00,14.485,14.555,14.453,14.51225
2022-04-30 01:26:00,14.4986,14.515,14.459,14.48525
2022-04-30 01:27:00,14.4919,14.523,14.465,14.491
2022-04-30 01:28:00,14.4914,14.605,14.4914,14.555250000000001
2022-04-30 01:29:00,14.5233,14.63,14.523,14.572000000000001
2022-04-30 01:30:00,14.5476,14.5476,14.463,14.499500000000001
2022-04-30 01:31:00,14.5236,14.5236,14.442,14.467500000000001
2022-04-30 01:32:00,14.4956,14.4956,14.4,14.42875
2022-04-30 01:33:00,14.4622,14.4622,14.41,14.420750000000002
2022-04-30 01:34:00,14.4415,14.458,14.366,14.40875
2022-04-30 01:35:00,14.4251,14.432,14.388,14.40925
2022-04-30 01:36:00,14.4172,14.4172,14.342,14.3925
2022-04-30 01:37:00,14.4048,14.422,14.383,14.3995
2022-04-30 01:38:00,14.4022,14.433,14.399,14.41475
2022-04-30 01:39:00,14.4085,14.443,14.4085,14.427
2022-04-30 01:40:00,14.4178,14.43,14.39,14.41
2022-04-30 01:41:00,14.4139,14.4139,14.357,14.389
2022-04-30 01:42:00,14.4014,14.408,14.382,14.396
2022-04-30 01:43:00,14.3987,14.402,14.381,14.394
2022-04-30 01:44:00,14.3964,14.423,14.391,14.40025
2022-04-30 01:45:00,14.3983,14.431,14.396,14.413499999999999
2022-04-30 01:46:00,14.4059,14.45,14.4059,14.437999999999999
2022-04-30 01:47:00,14.422,14.468,14.422,14.45475
2022-04-30 01:48:00,14.4384,14.467,14.4384,14.4505
2022-04-30 01:49:00,14.4444,14.4444,14.4,14.4195
2022-04-30 01:50:00,14.432,14.432,14.362,14.38625
2022-04-30 01:51:00,14.4091,14.4091,14.322,14.3565
2022-04-30 01:52:00,14.3828,14.3828,14.351,14.360999999999999
2022-04-30 01:53:00,14.3719,14.3719,14.322,14.347000000000001
2022-04-30 01:54:00,14.3594,14.384,14.337,14.359
2022-04-30 01:55:00,14.3592,14.389,14.347,14.366499999999998
2022-04-30 01:56:00,14.3628,14.403,14.343,14.36425
2022-04-30 01:57:00,14.3635,14.386,14.341,14.368500000000001
2022-04-30 01:58:00,14.366,14.403,14.366,14.392249999999999
2022-04-30 01:59:00,14.3791,14.42,14.368,14.4015
2022-04-30 02:00:00,14.3903,14.445,14.3903,14.431
2022-04-30 02:01:00,14.4106,14.45,14.395,14.425
2022-04-30 02:02:00,14.4178,14.4178,14.381,14.40375
2022-04-30 02:03:00,14.4108,14.423,14.397,14.41375
2022-04-30 02:04:00,14.4123,14.44,14.411,14.4215
2022-04-30 02:05:00,14.4169,14.4169,14.375,14.39525
2022-04-30 02:06:00,14.4061,14.412,14.374,14.39525
2022-04-30 02:07:00,14.4007,14.445,14.4007,14.4275
2022-04-30 02:08:00,14.4141,14.444,14.409,14.4275
2022-04-30 02:09:00,14.4208,14.441,14.403,14.42425
2022-04-30 02:10:00,14.4225,14.466,14.422,14.444
2022-04-30 02:11:00,14.4332,14.459,14.4332,14.44875
2022-04-30 02:12:00,14.441,14.445,14.425,14.438250000000002
2022-04-30 02:13:00,14.4396,14.441,14.415,14.433250000000001
2022-04-30 02:14:00,14.4364,14.437,14.405,14.423
2022-04-30 02:15:00,14.4297,14.439,14.414,14.424
2022-04-30 02:16:00,14.4268,14.432,14.415,14.42325
2022-04-30 02:17:00,14.425,14.427,14.4,14.4125
2022-04-30 02:18:00,14.4188,14.428,14.404,14.411999999999999
2022-04-30 02:19:00,14.4154,14.4154,14.368,14.3915
2022-04-30 02:20:00,14.4034,14.413,14.362,14.3795
2022-04-30 02:21:00,14.3914,14.3914,14.333,14.3555
2022-04-30 02:22:00,14.3734,14.3734,14.342,14.354500000000002
2022-04-30 02:23:00,14.364,14.371,14.359,14.3635
2022-04-30 02:24:00,14.3638,14.364,14.329,14.34675
2022-04-30 02:25:00,14.3553,14.3553,14.303,14.321000000000002
2022-04-30 02:26:00,14.3382,14.3382,14.269,14.29225
2022-04-30 02:27:00,14.3152,14.3152,14.262,14.27375
2022-04-30 02:28:00,14.2945,14.329,14.273,14.300749999999999
2022-04-30 02:29:00,14.2976,14.358,14.2976,14.334
2022-04-30 02:30:00,14.3158,14.339,14.31,14.323
2022-04-30 02:31:00,14.3194,14.322,14.272,14.302
2022-04-30 02:32:00,14.3107,14.315,14.274,14.2995
2022-04-30 02:33:00,14.3051,14.327,14.3051,14.31475
2022-04-30 02:34:00,14.3099,14.327,14.294,14.310500000000001
2022-04-30 02:35:00,14.3102,14.337,14.298,14.312000000000001
2022-04-30 02:36:00,14.3111,14.335,14.302,14.314
2022-04-30 02:37:00,14.3126,14.329,14.306,14.31875
2022-04-30 02:38:00,14.3157,14.33,14.309,14.321499999999999
2022-04-30 02:39:00,14.3186,14.326,14.299,14.31525
2022-04-30 02:40:00,14.3169,14.355,14.307,14.32875
2022-04-30 02:41:00,14.3228,14.35,14.3228,14.34025
2022-04-30 02:42:00,14.3315,14.361,14.3315,14.348749999999999
2022-04-30 02:43:00,14.3401,14.35,14.309,14.329
2022-04-30 02:44:00,14.3346,14.3346,14.26,14.287
2022-04-30 02:45:00,14.3108,14.3108,14.265,14.273
2022-04-30 02:46:00,14.2919,14.2919,14.254,14.27025
2022-04-30 02:47:00,14.2811,14.292,14.264,14.27425
2022-04-30 02:48:00,14.2777,14.279,14.267,14.273
2022-04-30 02:49:00,14.2754,14.296,14.261,14.281
2022-04-30 02:50:00,14.2782,14.306,14.2782,14.296249999999999
2022-04-30 02:51:00,14.2872,14.318,14.2872,14.303999999999998
2022-04-30 02:52:00,14.2956,14.317,14.2956,14.308250000000001
2022-04-30 02:53:00,14.3019,14.322,14.3019,14.317
2022-04-30 02:54:00,14.3094,14.337,14.3094,14.3275
2022-04-30 02:55:00,14.3184,14.345,14.3184,14.335249999999998
2022-04-30 02:56:00,14.3268,14.337,14.315,14.3265
2022-04-30 02:57:00,14.3266,14.33,14.316,14.3215
2022-04-30 02:58:00,14.324,14.324,14.301,14.314
2022-04-30 02:59:00,14.319,14.319,14.293,14.3035
2022-04-30 03:00:00,14.3112,14.326,14.296,14.30825
2022-04-30 03:01:00,14.3097,14.329,14.281,14.3025
2022-04-30 03:02:00,14.3061,14.3061,14.263,14.27275
2022-04-30 03:03:00,14.2894,14.298,14.265,14.27525
2022-04-30 03:04:00,14.2823,14.289,14.274,14.27875
2022-04-30 03:05:00,14.2805,14.33,14.279,14.3045
2022-04-30 03:06:00,14.2925,14.338,14.2925,14.332
2022-04-30 03:07:00,14.3122,14.342,14.3122,14.334499999999998
2022-04-30 03:08:00,14.3234,14.333,14.277,14.30575
2022-04-30 03:09:00,14.3146,14.3146,14.269,14.277
2022-04-30 03:10:00,14.2958,14.2958,14.257,14.27175
2022-04-30 03:11:00,14.2838,14.2838,14.261,14.2705
2022-04-30 03:12:00,14.2772,14.2772,14.235,14.253499999999999
2022-04-30 03:13:00,14.2654,14.2654,14.186,14.222999999999999
2022-04-30 03:14:00,14.2442,14.2442,14.214,14.22075
2022-04-30 03:15:00,14.2325,14.2325,14.204,14.218
2022-04-30 03:16:00,14.2252,14.23,14.166,14.197
2022-04-30 03:17:00,14.2111,14.2111,14.159,14.183
2022-04-30 03:18:00,14.197,14.211,14.187,14.1985
2022-04-30 03:19:00,14.1978,14.218,14.188,14.20375
2022-04-30 03:20:00,14.2008,14.215,14.176,14.196000000000002
2022-04-30 03:21:00,14.1984,14.1984,14.166,14.182
2022-04-30 03:22:00,14.1902,14.216,14.187,14.1975
2022-04-30 03:23:00,14.1938,14.204,14.172,14.184500000000002
2022-04-30 03:24:00,14.1892,14.1892,14.141,14.159
2022-04-30 03:25:00,14.1741,14.1741,14.141,14.149
2022-04-30 03:26:00,14.1615,14.179,14.139,14.15925
2022-04-30 03:27:00,14.1604,14.176,14.146,14.162
2022-04-30 03:28:00,14.1612,14.171,14.14,14.15875
2022-04-30 03:29:00,14.16,14.174,14.15,14.161249999999999
2022-04-30 03:30:00,14.1606,14.192,14.152,14.168
2022-04-30 03:31:00,14.1643,14.18,14.149,14.1685
2022-04-30 03:32:00,14.1664,14.173,14.13,14.15525
2022-04-30 03:33:00,14.1608,14.1608,14.144,14.154
2022-04-30 03:34:00,14.1574,14.183,14.157,14.170499999999999
2022-04-30 03:35:00,14.164,14.202,14.164,14.184249999999999
2022-04-30 03:36:00,14.1741,14.198,14.1741,14.188
2022-04-30 03:37:00,14.181,14.217,14.181,14.2055
2022-04-30 03:38:00,14.1932,14.219,14.1932,14.213750000000001
2022-04-30 03:39:00,14.2035,14.225,14.2035,14.21875
2022-04-30 03:40:00,14.2111,14.231,14.2111,14.223250000000002
2022-04-30 03:41:00,14.2172,14.224,14.202,14.213750000000001
2022-04-30 03:42:00,14.2155,14.217,14.19,14.202499999999999
2022-04-30 03:43:00,14.209,14.219,14.193,14.2035
2022-04-30 03:44:00,14.2062,14.23,14.2062,14.216999999999999
2022-04-30 03:45:00,14.2116,14.254,14.2116,14.2325
2022-04-30 03:46:00,14.222,14.234,14.217,14.22625
2022-04-30 03:47:00,14.2241,14.2241,14.208,14.215
2022-04-30 03:48:00,14.2196,14.2196,14.203,14.208000000000002
2022-04-30 03:49:00,14.2138,14.2138,14.204,14.206750000000001
2022-04-30 03:50:00,14.2103,14.2103,14.184,14.1955
2022-04-30 03:51:00,14.2029,14.211,14.179,14.192
2022-04-30 03:52:00,14.1974,14.1974,14.174,14.18325
2022-04-30 03:53:00,14.1903,14.1903,14.154,14.16725
2022-04-30 03:54:00,14.1788,14.184,14.164,14.17
2022-04-30 03:55:00,14.1744,14.179,14.166,14.17025
2022-04-30 03:56:00,14.1723,14.179,14.169,14.174
2022-04-30 03:57:00,14.1732,14.185,14.141,14.163
2022-04-30 03:58:00,14.1681,14.1681,14.122,14.14075
2022-04-30 03:59:00,14.1544,14.1544,14.116,14.13625
2022-04-30 04:00:00,14.1453,14.179,14.129,14.15275
2022-04-30 04:01:00,14.149,14.178,14.149,14.1695
2022-04-30 04:02:00,14.1592,14.181,14.1592,14.169749999999999
2022-04-30 04:03:00,14.1645,14.19,14.1645,14.181249999999999
2022-04-30 04:04:00,14.1729,14.234,14.1729,14.20725
2022-04-30 04:05:00,14.1901,14.284,14.1901,14.2475
2022-04-30 04:06:00,14.2188,14.275,14.2188,14.268
2022-04-30 04:07:00,14.2434,14.275,14.2434,14.26075
2022-04-30 04:08:00,14.2521,14.279,14.248,14.2605
2022-04-30 04:09:00,14.2563,14.279,14.248,14.262249999999998
2022-04-30 04:10:00,14.2593,14.283,14.255,14.267750000000001
2022-04-30 04:11:00,14.2635,14.283,14.257,14.26975
2022-04-30 04:12:00,14.2666,14.2666,14.224,14.24375
2022-04-30 04:13:00,14.2552,14.2552,14.227,14.23625
2022-04-30 04:14:00,14.2457,14.248,14.237,14.24275
2022-04-30 04:15:00,14.2442,14.256,14.23,14.24225
2022-04-30 04:16:00,14.2432,14.2432,14.215,14.23025
2022-04-30 04:17:00,14.2367,14.2367,14.196,14.213000000000001
2022-04-30 04:18:00,14.2248,14.2248,14.192,14.21
2022-04-30 04:19:00,14.2174,14.227,14.209,14.219000000000001
2022-04-30 04:20:00,14.2182,14.247,14.2182,14.234
2022-04-30 04:21:00,14.2261,14.25,14.2261,14.24025
2022-04-30 04:22:00,14.2332,14.24,14.226,14.234
2022-04-30 04:23:00,14.2336,14.255,14.229,14.24225
2022-04-30 04:24:00,14.2379,14.259,14.2379,14.25225
2022-04-30 04:25:00,14.2451,14.248,14.23,14.242499999999998
2022-04-30 04:26:00,14.2438,14.244,14.199,14.22175
2022-04-30 04:27:00,14.2328,14.2328,14.184,14.1955
2022-04-30 04:28:00,14.2142,14.2142,14.153,14.17325
2022-04-30 04:29:00,14.1937,14.1937,14.16,14.1695
2022-04-30 04:30:00,14.1816,14.205,14.17,14.186
2022-04-30 04:31:00,14.1838,14.193,14.162,14.18025
2022-04-30 04:32:00,14.182,14.182,14.119,14.148
2022-04-30 04:33:00,14.165,14.165,14.113,14.12125
2022-04-30 04:34:00,14.1431,14.1431,14.08,14.10075
2022-04-30 04:35:00,14.1219,14.141,14.08,14.109
2022-04-30 04:36:00,14.1154,14.15,14.115,14.13375
2022-04-30 04:37:00,14.1246,14.171,14.1246,14.1505
2022-04-30 04:38:00,14.1376,14.181,14.1376,14.162499999999998
2022-04-30 04:39:00,14.15,14.188,14.15,14.175
2022-04-30 04:40:00,14.1625,14.213,14.1625,14.19275
2022-04-30 04:41:00,14.1776,14.203,14.171,14.191749999999999
2022-04-30 04:42:00,14.1847,14.206,14.184,14.198
2022-04-30 04:43:00,14.1914,14.22,14.1914,14.20725
2022-04-30 04:44:00,14.1993,14.236,14.1993,14.222999999999999
2022-04-30 04:45:00,14.2112,14.222,14.197,14.214
2022-04-30 04:46:00,14.2126,14.235,14.212,14.221499999999999
2022-04-30 04:47:00,14.217,14.243,14.217,14.232000000000001
2022-04-30 04:48:00,14.2245,14.241,14.215,14.2325
2022-04-30 04:49:00,14.2285,14.232,14.174,14.20575
2022-04-30 04:50:00,14.2171,14.2171,14.158,14.174
2022-04-30 04:51:00,14.1956,14.1956,14.158,14.1735
2022-04-30 04:52:00,14.1846,14.187,14.171,14.178999999999998
2022-04-30 04:53:00,14.1818,14.192,14.174,14.18125
2022-04-30 04:54:00,14.1815,14.205,14.177,14.19075
2022-04-30 04:55:00,14.1861,14.196,14.178,14.18775
2022-04-30 04:56:00,14.1869,14.189,14.172,14.18275
2022-04-30 04:57:00,14.1848,14.204,14.1848,14.19425
2022-04-30 04:58:00,14.1895,14.225,14.1895,14.2045
2022-04-30 04:59:00,14.197,14.243,14.197,14.22225
2022-04-30 05:00:00,14.2096,14.254,14.2096,14.24
2022-04-30 05:01:00,14.2248,14.232,14.167,14.2
2022-04-30 05:02:00,14.2124,14.2124,14.167,14.17525
2022-04-30 05:03:00,14.1938,14.226,14.176,14.201
2022-04-30 05:04:00,14.1974,14.239,14.1974,14.22775
2022-04-30 05:05:00,14.2126,14.257,14.2126,14.23925
2022-04-30 05:06:00,14.2259,14.269,14.2259,14.251
2022-04-30 05:07:00,14.2384,14.249,14.226,14.241000000000001
2022-04-30 05:08:00,14.2397,14.265,14.2397,14.2505
2022-04-30 05:09:00,14.2451,14.263,14.244,14.253499999999999
2022-04-30 05:10:00,14.2493,14.263,14.24,14.25075
2022-04-30 05:11:00,14.25,14.252,14.241,14.2475
2022-04-30 05:12:00,14.2488,14.251,14.242,14.246999999999998
2022-04-30 05:13:00,14.2479,14.249,14.241,14.24475
2022-04-30 05:14:00,14.2463,14.2463,14.2,14.22025
2022-04-30 05:15:00,14.2333,14.248,14.201,14.223999999999998
2022-04-30 05:16:00,14.2286,14.245,14.216,14.234
2022-04-30 05:17:00,14.2313,14.238,14.215,14.22675
2022-04-30 05:18:00,14.229,14.246,14.221,14.230500000000001
2022-04-30 05:19:00,14.2298,14.24,14.227,14.23225
2022-04-30 05:20:00,14.231,14.231,14.202,14.21725
2022-04-30 05:21:00,14.2241,14.2241,14.203,14.21075
2022-04-30 05:22:00,14.2174,14.24,14.194,14.216750000000001
2022-04-30 05:23:00,14.2171,14.293,14.2171,14.253749999999998
2022-04-30 05:24:00,14.2354,14.3,14.2354,14.284749999999999
2022-04-30 05:25:00,14.2601,14.295,14.259,14.2805
2022-04-30 05:26:00,14.2703,14.281,14.267,14.27475
2022-04-30 05:27:00,14.2725,14.28,14.261,14.2695
2022-04-30 05:28:00,14.271,14.284,14.252,14.271
2022-04-30 05:29:00,14.271,14.298,14.271,14.2825
2022-04-30 05:30:00,14.2768,14.298,14.276,14.286000000000001
2022-04-30 05:31:00,14.2814,14.317,14.273,14.295
2022-04-30 05:32:00,14.2882,14.293,14.259,14.28025
2022-04-30 05:33:00,14.2842,14.292,14.257,14.27225
2022-04-30 05:34:00,14.2782,14.284,14.261,14.272499999999999
2022-04-30 05:35:00,14.2754,14.291,14.2754,14.285499999999999
2022-04-30 05:36:00,14.2804,14.292,14.2804,14.289250000000001
2022-04-30 05:37:00,14.2848,14.293,14.2848,14.29075
2022-04-30 05:38:00,14.2878,14.291,14.281,14.286999999999999
2022-04-30 05:39:00,14.2874,14.293,14.286,14.289
2022-04-30 05:40:00,14.2882,14.298,14.286,14.292
2022-04-30 05:41:00,14.2901,14.296,14.281,14.2895
2022-04-30 05:42:00,14.2898,14.314,14.289,14.3015
2022-04-30 05:43:00,14.2956,14.33,14.2956,14.3195
2022-04-30 05:44:00,14.3076,14.337,14.3076,14.33025
2022-04-30 05:45:00,14.3189,14.337,14.299,14.3215
2022-04-30 05:46:00,14.3202,14.325,14.311,14.315999999999999
2022-04-30 05:47:00,14.3181,14.343,14.306,14.3185
2022-04-30 05:48:00,14.3183,14.336,14.307,14.318
2022-04-30 05:49:00,14.3182,14.326,14.305,14.31525
2022-04-30 05:50:00,14.3167,14.3167,14.284,14.3035
2022-04-30 05:51:00,14.3101,14.3101,14.288,14.297
2022-04-30 05:52:00,14.3036,14.309,14.278,14.28975
2022-04-30 05:53:00,14.2967,14.2967,14.254,14.2695
2022-04-30 05:54:00,14.2831,14.2831,14.252,14.260000000000002
2022-04-30 05:55:00,14.2716,14.2716,14.25,14.25825
2022-04-30 05:56:00,14.2649,14.268,14.243,14.257
2022-04-30 05:57:00,14.261,14.279,14.239,14.25525
2022-04-30 05:58:00,14.2581,14.281,14.231,14.2575
2022-04-30 05:59:00,14.2578,14.298,14.2578,14.282250000000001
2022-04-30 06:00:00,14.27,14.31,14.27,14.287749999999999
2022-04-30 06:01:00,14.2789,14.293,14.256,14.27775
2022-04-30 06:02:00,14.2783,14.282,14.252,14.2665
2022-04-30 06:03:00,14.2724,14.286,14.258,14.27175
2022-04-30 06:04:00,14.2721,14.309,14.2721,14.291249999999998
2022-04-30 06:05:00,14.2817,14.29,14.243,14.26525
2022-04-30 06:06:00,14.2735,14.2735,14.204,14.232
2022-04-30 06:07:00,14.2528,14.2528,14.219,14.230500000000001
2022-04-30 06:08:00,14.2416,14.244,14.223,14.23575
2022-04-30 06:09:00,14.2387,14.244,14.218,14.2325
2022-04-30 06:10:00,14.2356,14.256,14.229,14.239
2022-04-30 06:11:00,14.2373,14.257,14.23,14.246249999999998
2022-04-30 06:12:00,14.2418,14.267,14.2418,14.259999999999998
2022-04-30 06:13:00,14.2509,14.272,14.2509,14.26825
2022-04-30 06:14:00,14.2596,14.272,14.239,14.2565
2022-04-30 06:15:00,14.258,14.258,14.216,14.231
2022-04-30 06:16:00,14.2445,14.254,14.223,14.235249999999999
2022-04-30 06:17:00,14.2399,14.25,14.2399,14.24375
2022-04-30 06:18:00,14.2418,14.25,14.231,14.23925
2022-04-30 06:19:00,14.2405,14.251,14.21,14.2265
2022-04-30 06:20:00,14.2335,14.2335,14.171,14.198250000000002
2022-04-30 06:21:00,14.2159,14.2159,14.168,14.18275
2022-04-30 06:22:00,14.1993,14.1993,14.164,14.1725
2022-04-30 06:23:00,14.1859,14.1859,14.142,14.16175
2022-04-30 06:24:00,14.1738,14.181,14.161,14.171249999999999
2022-04-30 06:25:00,14.1725,14.185,14.162,14.17275
2022-04-30 06:26:00,14.1726,14.199,14.161,14.18025
2022-04-30 06:27:00,14.1764,14.209,14.1764,14.195
2022-04-30 06:28:00,14.1857,14.195,14.169,14.1865
2022-04-30 06:29:00,14.1861,14.204,14.1861,14.1965
2022-04-30 06:30:00,14.1913,14.196,14.182,14.19175
2022-04-30 06:31:00,14.1915,14.2,14.189,14.194500000000001
2022-04-30 06:32:00,14.193,14.211,14.193,14.202
2022-04-30 06:33:00,14.1975,14.221,14.1975,14.21
2022-04-30 06:34:00,14.2038,14.219,14.199,14.2075
2022-04-30 06:35:00,14.2056,14.2056,14.176,14.189250000000001
2022-04-30 06:36:00,14.1974,14.214,14.181,14.197999999999999
2022-04-30 06:37:00,14.1977,14.248,14.1977,14.22825
2022-04-30 06:38:00,14.213,14.247,14.213,14.233
2022-04-30 06:39:00,14.223,14.223,14.2,14.21075
2022-04-30 06:40:00,14.2169,14.246,14.2,14.22275
2022-04-30 06:41:00,14.2198,14.253,14.2198,14.2475
2022-04-30 06:42:00,14.2336,14.264,14.2336,14.254999999999999
2022-04-30 06:43:00,14.2443,14.286,14.2443,14.2695
2022-04-30 06:44:00,14.2569,14.271,14.254,14.2625
2022-04-30 06:45:00,14.2597,14.262,14.234,14.246500000000001
2022-04-30 06:46:00,14.2531,14.2531,14.225,14.239
2022-04-30 06:47:00,14.246,14.257,14.246,14.251
2022-04-30 06:48:00,14.2485,14.251,14.237,14.24625
2022-04-30 06:49:00,14.2474,14.248,14.236,14.2435
2022-04-30 06:50:00,14.2454,14.2454,14.233,14.23875
2022-04-30 06:51:00,14.2421,14.249,14.224,14.23325
2022-04-30 06:52:00,14.2377,14.2377,14.206,14.216750000000001
2022-04-30 06:53:00,14.2272,14.228,14.207,14.216750000000001
2022-04-30 06:54:00,14.222,14.225,14.197,14.2115
2022-04-30 06:55:00,14.2168,14.218,14.2,14.20775
2022-04-30 06:56:00,14.2123,14.234,14.209,14.221
2022-04-30 06:57:00,14.2166,14.251,14.213,14.228
2022-04-30 06:58:00,14.2223,14.243,14.215,14.229000000000001
2022-04-30 06:59:00,14.2257,14.258,14.2257,14.247499999999999
2022-04-30 07:00:00,14.2366,14.275,14.2366,14.2575
2022-04-30 07:01:00,14.247,14.254,14.218,14.235999999999999
2022-04-30 07:02:00,14.2415,14.2415,14.21,14.2165
2022-04-30 07:03:00,14.229,14.238,14.218,14.224250000000001
2022-04-30 07:04:00,14.2266,14.258,14.223,14.236999999999998
2022-04-30 07:05:00,14.2318,14.244,14.227,14.2385
2022-04-30 07:06:00,14.2352,14.244,14.217,14.232
2022-04-30 07:07:00,14.2336,14.2336,14.187,14.2095
2022-04-30 07:08:00,14.2216,14.2216,14.19,14.202
2022-04-30 07:09:00,14.2118,14.2118,14.179,14.19625
2022-04-30 07:10:00,14.204,14.204,14.169,14.180250000000001
2022-04-30 07:11:00,14.1921,14.1921,14.127,14.152000000000001
2022-04-30 07:12:00,14.172,14.177,14.133,14.151
2022-04-30 07:13:00,14.1615,14.187,14.159,14.1665
2022-04-30 07:14:00,14.164,14.172,14.148,14.1585
2022-04-30 07:15:00,14.1612,14.174,14.152,14.16175
2022-04-30 07:16:00,14.1615,14.189,14.1615,14.177249999999999
2022-04-30 07:17:00,14.1694,14.194,14.1694,14.1855
2022-04-30 07:18:00,14.1774,14.187,14.169,14.179749999999999
2022-04-30 07:19:00,14.1786,14.1786,14.155,14.16875
2022-04-30 07:20:00,14.1737,14.1737,14.157,14.16425
2022-04-30 07:21:00,14.169,14.17,14.157,14.163250000000001
2022-04-30 07:22:00,14.1661,14.1661,14.152,14.157
2022-04-30 07:23:00,14.1616,14.179,14.158,14.167
2022-04-30 07:24:00,14.1643,14.189,14.1643,14.18075
2022-04-30 07:25:00,14.1725,14.197,14.1725,14.190750000000001
2022-04-30 07:26:00,14.1816,14.197,14.174,14.185500000000001
2022-04-30 07:27:00,14.1836,14.1836,14.161,14.168
2022-04-30 07:28:00,14.1758,14.1758,14.158,14.16125
2022-04-30 07:29:00,14.1685,14.1685,14.142,14.157749999999998
2022-04-30 07:30:00,14.1631,14.1631,14.145,14.1555
2022-04-30 07:31:00,14.1593,14.179,14.147,14.16
2022-04-30 07:32:00,14.1596,14.177,14.1596,14.172
2022-04-30 07:33:00,14.1658,14.181,14.165,14.1725
2022-04-30 07:34:00,14.1692,14.188,14.1692,14.17725
2022-04-30 07:35:00,14.1732,14.191,14.1732,14.18575
2022-04-30 07:36:00,14.1795,14.194,14.1795,14.18975
2022-04-30 07:37:00,14.1846,14.199,14.1846,14.193249999999999
2022-04-30 07:38:00,14.1889,14.21,14.1889,14.200750000000001
2022-04-30 07:39:00,14.1948,14.207,14.184,14.19825
2022-04-30 07:40:00,14.1965,14.211,14.196,14.202499999999999
2022-04-30 07:41:00,14.1995,14.218,14.172,14.1935
2022-04-30 07:42:00,14.1965,14.1965,14.152,14.16375
2022-04-30 07:43:00,14.1801,14.1801,14.155,14.16075
2022-04-30 07:44:00,14.1704,14.193,14.161,14.17625
2022-04-30 07:45:00,14.1733,14.205,14.1733,14.194249999999998
2022-04-30 07:46:00,14.1838,14.196,14.157,14.178
2022-04-30 07:47:00,14.1809,14.1809,14.145,14.15825
2022-04-30 07:48:00,14.1696,14.1696,14.141,14.1465
2022-04-30 07:49:00,14.158,14.158,14.101,14.125250000000001
2022-04-30 07:50:00,14.1416,14.1416,14.106,14.11525
2022-04-30 07:51:00,14.1284,14.134,14.117,14.1265
2022-04-30 07:52:00,14.1274,14.136,14.08,14.108249999999998
2022-04-30 07:53:00,14.1178,14.1178,14.037,14.0665
2022-04-30 07:54:00,14.0922,14.0922,14.06,14.06525
2022-04-30 07:55:00,14.0787,14.0787,14.033,14.052999999999999
2022-04-30 07:56:00,14.0658,14.067,14.048,14.05725
2022-04-30 07:57:00,14.0615,14.0615,14.048,14.0555
2022-04-30 07:58:00,14.0585,14.072,14.031,14.047249999999998
2022-04-30 07:59:00,14.0529,14.125,14.033,14.0715
2022-04-30 08:00:00,14.0622,14.095,14.056,14.0755
2022-04-30 08:01:00,14.0688,14.072,14.042,14.059000000000001
2022-04-30 08:02:00,14.0639,14.074,14.044,14.058
2022-04-30 08:03:00,14.061,14.061,14.025,14.04175
2022-04-30 08:04:00,14.0514,14.07,14.015,14.042
2022-04-30 08:05:00,14.0467,14.096,14.0467,14.07375
2022-04-30 08:06:00,14.0602,14.103,14.0602,14.088500000000002
2022-04-30 08:07:00,14.0744,14.102,14.0744,14.088250000000002
2022-04-30 08:08:00,14.0813,14.106,14.0813,14.0965
2022-04-30 08:09:00,14.0889,14.106,14.081,14.094500000000002
2022-04-30 08:10:00,14.0917,14.106,14.086,14.0965
2022-04-30 08:11:00,14.0941,14.127,14.0941,14.1125
2022-04-30 08:12:00,14.1033,14.118,14.098,14.110000000000001
2022-04-30 08:13:00,14.1067,14.109,14.094,14.10125
2022-04-30 08:14:00,14.104,14.108,14.085,14.094249999999999
2022-04-30 08:15:00,14.0991,14.0991,14.088,14.09225
2022-04-30 08:16:00,14.0957,14.111,14.08,14.09525
2022-04-30 08:17:00,14.0955,14.096,14.065,14.084499999999998
2022-04-30 08:18:00,14.09,14.09,14.056,14.06925
2022-04-30 08:19:00,14.0796,14.0796,14.052,14.057749999999999
2022-04-30 08:20:00,14.0687,14.0687,14.041,14.051250000000001
2022-04-30 08:21:00,14.06,14.066,14.036,14.0485
2022-04-30 08:22:00,14.0542,14.0542,13.998,14.024
2022-04-30 08:23:00,14.0391,14.0391,13.972,14.0005
2022-04-30 08:24:00,14.0198,14.0198,13.978,13.99
2022-04-30 08:25:00,14.0049,14.019,13.951,13.98275
2022-04-30 08:26:00,13.9938,14.003,13.969,13.9835
2022-04-30 08:27:00,13.9886,13.989,13.964,13.974499999999999
2022-04-30 08:28:00,13.9816,13.9816,13.93,13.955
2022-04-30 08:29:00,13.9683,13.973,13.936,13.95425
2022-04-30 08:30:00,13.9613,13.981,13.941,13.957500000000001
2022-04-30 08:31:00,13.9594,13.964,13.93,13.94375
2022-04-30 08:32:00,13.9516,13.9516,13.745,13.8605
2022-04-30 08:33:00,13.906,13.906,13.786,13.813749999999999
2022-04-30 08:34:00,13.8599,13.8599,13.799,13.81625
2022-04-30 08:35:00,13.8381,13.846,13.81,13.82525
2022-04-30 08:36:00,13.8317,13.896,13.82,13.85525
2022-04-30 08:37:00,13.8435,13.896,13.8435,13.87625
2022-04-30 08:38:00,13.8599,13.887,13.8599,13.87325
2022-04-30 08:39:00,13.8666,13.899,13.8666,13.8835
2022-04-30 08:40:00,13.875,13.926,13.875,13.904250000000001
2022-04-30 08:41:00,13.8896,13.92,13.887,13.902750000000001
2022-04-30 08:42:00,13.8962,13.91,13.885,13.902249999999999
2022-04-30 08:43:00,13.8992,13.917,13.873,13.8925
2022-04-30 08:44:00,13.8958,13.909,13.867,13.888250000000001
2022-04-30 08:45:00,13.892,13.908,13.889,13.901250000000001
2022-04-30 08:46:00,13.8966,13.927,13.8966,13.91475
2022-04-30 08:47:00,13.9057,13.935,13.9057,13.924000000000001
2022-04-30 08:48:00,13.9148,13.934,13.908,13.920499999999999
2022-04-30 08:49:00,13.9176,13.926,13.899,13.91275
2022-04-30 08:50:00,13.9152,13.917,13.897,13.908000000000001
2022-04-30 08:51:00,13.9116,13.9116,13.885,13.899249999999999
2022-04-30 08:52:00,13.9054,13.9054,13.864,13.881499999999999
2022-04-30 08:53:00,13.8934,13.899,13.867,13.883
2022-04-30 08:54:00,13.8882,13.942,13.8882,13.916
2022-04-30 08:55:00,13.9021,13.963,13.9021,13.938250000000002
2022-04-30 08:56:00,13.9202,13.953,13.9202,13.941749999999999
2022-04-30 08:57:00,13.931,13.975,13.931,13.954
2022-04-30 08:58:00,13.9425,13.959,13.916,13.938500000000001
2022-04-30 08:59:00,13.9405,13.9405,13.877,13.90425
2022-04-30 09:00:00,13.9224,13.9224,13.877,13.8865
2022-04-30 09:01:00,13.9044,13.9044,13.881,13.88875
2022-04-30 09:02:00,13.8966,13.897,13.845,13.87075
2022-04-30 09:03:00,13.8837,13.8837,13.847,13.86425
2022-04-30 09:04:00,13.874,13.895,13.865,13.882750000000001
2022-04-30 09:05:00,13.8784,13.909,13.8784,13.897
2022-04-30 09:06:00,13.8877,13.934,13.8877,13.91625
2022-04-30 09:07:00,13.902,13.941,13.902,13.932500000000001
2022-04-30 09:08:00,13.9172,13.952,13.9172,13.9435
2022-04-30 09:09:00,13.9304,13.949,13.913,13.934000000000001
2022-04-30 09:10:00,13.9322,13.936,13.915,13.9255
2022-04-30 09:11:00,13.9288,13.942,13.923,13.9315
2022-04-30 09:12:00,13.9302,13.942,13.921,13.93375
2022-04-30 09:13:00,13.932,13.941,13.921,13.929
2022-04-30 09:14:00,13.9305,13.935,13.924,13.929
2022-04-30 09:15:00,13.9298,13.943,13.929,13.93625
2022-04-30 09:16:00,13.933,13.953,13.932,13.939250000000001
2022-04-30 09:17:00,13.9361,13.938,13.899,13.919
2022-04-30 09:18:00,13.9276,13.9276,13.897,13.90975
2022-04-30 09:19:00,13.9187,13.9187,13.884,13.905
2022-04-30 09:20:00,13.9118,13.9118,13.89,13.89775
2022-04-30 09:21:00,13.9048,13.9048,13.872,13.883
2022-04-30 09:22:00,13.8939,13.8939,13.843,13.86575
2022-04-30 09:23:00,13.8798,13.8798,13.854,13.86275
2022-04-30 09:24:00,13.8713,13.8713,13.83,13.85275
2022-04-30 09:25:00,13.862,13.889,13.86,13.872250000000001
2022-04-30 09:26:00,13.8671,13.91,13.8671,13.89425
2022-04-30 09:27:00,13.8807,13.93,13.8807,13.915249999999999
2022-04-30 09:28:00,13.898,13.929,13.898,13.917000000000002
2022-04-30 09:29:00,13.9075,13.918,13.898,13.90875
2022-04-30 09:30:00,13.9081,13.928,13.903,13.910250000000001
2022-04-30 09:31:00,13.9092,13.92,13.89,13.90375
2022-04-30 09:32:00,13.9065,13.929,13.9,13.9125
2022-04-30 09:33:00,13.9095,13.939,13.9095,13.92875
2022-04-30 09:34:00,13.9191,13.955,13.9191,13.938749999999999
2022-04-30 09:35:00,13.9289,13.942,13.927,13.937
2022-04-30 09:36:00,13.933,13.948,13.917,13.93075
2022-04-30 09:37:00,13.9319,13.94,13.919,13.928249999999998
2022-04-30 09:38:00,13.9301,13.945,13.9301,13.93575
2022-04-30 09:39:00,13.9329,13.937,13.915,13.92625
2022-04-30 09:40:00,13.9296,13.9296,13.913,13.92025
2022-04-30 09:41:00,13.9249,13.929,13.913,13.9205
2022-04-30 09:42:00,13.9227,13.9227,13.9,13.913
2022-04-30 09:43:00,13.9178,13.919,13.888,13.90325
2022-04-30 09:44:00,13.9105,13.9105,13.87,13.883
2022-04-30 09:45:00,13.8968,13.8968,13.864,13.8725
2022-04-30 09:46:00,13.8846,13.893,13.876,13.882249999999999
2022-04-30 09:47:00,13.8834,13.909,13.88,13.895
2022-04-30 09:48:00,13.8892,13.915,13.8892,13.90775
2022-04-30 09:49:00,13.8985,13.93,13.8985,13.91625
2022-04-30 09:50:00,13.9074,13.932,13.9074,13.922
2022-04-30 09:51:00,13.9147,13.93,13.913,13.921750000000001
2022-04-30 09:52:00,13.9182,13.94,13.9182,13.93375
2022-04-30 09:53:00,13.926,13.947,13.926,13.939499999999999
2022-04-30 09:54:00,13.9328,13.954,13.9328,13.947000000000001
2022-04-30 09:55:00,13.9399,13.96,13.9399,13.954
2022-04-30 09:56:00,13.947,13.959,13.932,13.946750000000002
2022-04-30 09:57:00,13.9469,13.9469,13.923,13.9335
2022-04-30 09:58:00,13.9402,13.9402,13.907,13.92925
2022-04-30 09:59:00,13.9347,13.95,13.93,13.939499999999999
2022-04-30 10:00:00,13.9371,13.95,13.9371,13.944749999999999
2022-04-30 10:01:00,13.9409,13.947,13.93,13.938500000000001
2022-04-30 10:02:00,13.9397,13.945,13.931,13.93825
2022-04-30 10:03:00,13.939,13.951,13.939,13.94375
2022-04-30 10:04:00,13.9414,13.946,13.926,13.9375
2022-04-30 10:05:00,13.9394,13.946,13.932,13.94
2022-04-30 10:06:00,13.9397,13.953,13.9397,13.94875
2022-04-30 10:07:00,13.9442,13.973,13.9442,13.9585
2022-04-30 10:08:00,13.9514,13.962,13.939,13.9515
2022-04-30 10:09:00,13.9514,13.971,13.945,13.95375
2022-04-30 10:10:00,13.9526,13.957,13.946,13.95275
2022-04-30 10:11:00,13.9527,13.96,13.948,13.954
2022-04-30 10:12:00,13.9534,13.96,13.948,13.95475
2022-04-30 10:13:00,13.9541,13.966,13.941,13.9525
2022-04-30 10:14:00,13.9533,13.962,13.938,13.952000000000002
2022-04-30 10:15:00,13.9527,13.964,13.95,13.9575
2022-04-30 10:16:00,13.9551,13.957,13.949,13.95425
2022-04-30 10:17:00,13.9547,13.957,13.942,13.951
2022-04-30 10:18:00,13.9529,13.955,13.937,13.9485
2022-04-30 10:19:00,13.9507,13.959,13.95,13.953
2022-04-30 10:20:00,13.9518,13.959,13.95,13.954250000000002
2022-04-30 10:21:00,13.953,13.98,13.953,13.96425
2022-04-30 10:22:00,13.9586,13.973,13.9586,13.966000000000001
2022-04-30 10:23:00,13.9623,13.984,13.9623,13.974
2022-04-30 10:24:00,13.9682,13.978,13.9682,13.972750000000001
2022-04-30 10:25:00,13.9705,13.986,13.97,13.977
2022-04-30 10:26:00,13.9738,13.984,13.971,13.978250000000001
2022-04-30 10:27:00,13.976,13.982,13.974,13.97875
2022-04-30 10:28:00,13.9774,14.017,13.9774,13.9985
2022-04-30 10:29:00,13.988,14.033,13.988,14.02
2022-04-30 10:30:00,14.004,14.061,14.004,14.039499999999999
2022-04-30 10:31:00,14.0218,14.062,14.0218,14.0505
2022-04-30 10:32:00,14.0362,14.047,14.007,14.026499999999999
2022-04-30 10:33:00,14.0314,14.04,14.007,14.02225
2022-04-30 10:34:00,14.0268,14.039,14.026,14.03325
2022-04-30 10:35:00,14.03,14.036,14.009,14.024000000000001
2022-04-30 10:36:00,14.027,14.027,13.997,14.01175
2022-04-30 10:37:00,14.0194,14.0194,13.977,14.0
2022-04-30 10:38:00,14.0097,14.0097,13.969,13.983
2022-04-30 10:39:00,13.9964,13.9964,13.969,13.982750000000001
2022-04-30 10:40:00,13.9896,13.99,13.972,13.980500000000001
2022-04-30 10:41:00,13.985,13.992,13.967,13.9805
2022-04-30 10:42:00,13.9828,14.021,13.9828,14.005500000000001
2022-04-30 10:43:00,13.9942,14.028,13.9942,14.019499999999999
2022-04-30 10:44:00,14.0068,14.025,13.99,14.008
2022-04-30 10:45:00,14.0074,14.022,13.998,14.0095
2022-04-30 10:46:00,14.0084,14.029,14.007,14.015999999999998
2022-04-30 10:47:00,14.0122,14.021,14.003,14.01075
2022-04-30 10:48:00,14.0115,14.02,13.998,14.009
2022-04-30 10:49:00,14.0102,14.028,14.003,14.014249999999999
2022-04-30 10:50:00,14.0122,14.05,14.0122,14.034499999999998
2022-04-30 10:51:00,14.0234,14.049,14.0234,14.03575
2022-04-30 10:52:00,14.0296,14.038,14.012,14.027000000000001
2022-04-30 10:53:00,14.0283,14.051,14.025,14.03975
2022-04-30 10:54:00,14.034,14.062,14.034,14.0515
2022-04-30 10:55:00,14.0428,14.067,14.0428,14.061750000000002
2022-04-30 10:56:00,14.0523,14.074,14.0523,14.067499999999999
2022-04-30 10:57:00,14.0599,14.267,14.0599,14.158999999999999
2022-04-30 10:58:00,14.1094,14.278,14.1094,14.22925
2022-04-30 10:59:00,14.1693,14.211,14.1693,14.19825
2022-04-30 11:00:00,14.1838,14.199,14.176,14.19025
2022-04-30 11:01:00,14.187,14.207,14.18,14.19525
2022-04-30 11:02:00,14.1911,14.201,14.139,14.17525
2022-04-30 11:03:00,14.1832,14.1832,14.124,14.1455
2022-04-30 11:04:00,14.1644,14.1644,14.136,14.144499999999999
2022-04-30 11:05:00,14.1544,14.199,14.151,14.173749999999998
2022-04-30 11:06:00,14.1641,14.244,14.1641,14.216000000000001
2022-04-30 11:07:00,14.19,14.247,14.19,14.242750000000001
2022-04-30 11:08:00,14.2164,14.289,14.2164,14.26125
2022-04-30 11:09:00,14.2388,14.293,14.2388,14.277
2022-04-30 11:10:00,14.2579,14.3,14.2579,14.286249999999999
2022-04-30 11:11:00,14.2721,14.342,14.2721,14.311499999999999
2022-04-30 11:12:00,14.2918,14.375,14.2918,14.340250000000001
2022-04-30 11:13:00,14.316,14.358,14.316,14.34375
2022-04-30 11:14:00,14.3299,14.345,14.305,14.333
2022-04-30 11:15:00,14.3314,14.349,14.31,14.331500000000002
2022-04-30 11:16:00,14.3314,14.3314,14.277,14.31375
2022-04-30 11:17:00,14.3226,14.371,14.32,14.338750000000001
2022-04-30 11:18:00,14.3307,14.358,14.3307,14.34675
2022-04-30 11:19:00,14.3387,14.362,14.299,14.32975
2022-04-30 11:20:00,14.3342,14.344,14.305,14.322000000000001
2022-04-30 11:21:00,14.3281,14.609,14.3281,14.46175
2022-04-30 11:22:00,14.3949,14.646,14.3949,14.5655
2022-04-30 11:23:00,14.4802,14.544,14.428,14.49175
2022-04-30 11:24:00,14.486,14.5,14.455,14.479
2022-04-30 11:25:00,14.4825,14.492,14.462,14.479000000000003
2022-04-30 11:26:00,14.4808,14.499,14.425,14.455250000000001
2022-04-30 11:27:00,14.468,14.468,14.417,14.437
2022-04-30 11:28:00,14.4525,14.492,14.447,14.463250000000002
2022-04-30 11:29:00,14.4579,14.481,14.448,14.461
2022-04-30 11:30:00,14.4594,14.475,14.44,14.45675
2022-04-30 11:31:00,14.4581,14.498,14.435,14.472249999999999
2022-04-30 11:32:00,14.4652,14.531,14.4652,14.5055
2022-04-30 11:33:00,14.4854,14.615,14.4854,14.5595
2022-04-30 11:34:00,14.5224,14.637,14.5224,14.59925
2022-04-30 11:35:00,14.5608,14.583,14.537,14.56125
2022-04-30 11:36:00,14.561,14.561,14.504,14.527249999999999
2022-04-30 11:37:00,14.5441,14.55,14.518,14.533999999999999
2022-04-30 11:38:00,14.539,14.56,14.527,14.546750000000001
2022-04-30 11:39:00,14.5429,14.554,14.472,14.51375
2022-04-30 11:40:00,14.5283,14.5283,14.472,14.485
2022-04-30 11:41:00,14.5066,14.5066,14.453,14.472249999999999
2022-04-30 11:42:00,14.4894,14.4894,14.456,14.470500000000001
2022-04-30 11:43:00,14.48,14.48,14.449,14.466999999999999
2022-04-30 11:44:00,14.4735,14.48,14.448,14.4605
2022-04-30 11:45:00,14.467,14.467,14.424,14.43975
2022-04-30 11:46:00,14.4534,14.4534,14.424,14.428999999999998
